id,lottery_date,times,num_set,one_unit,one_amount,two_unit,two_amount,three_unit,three_amount,four_unit,four_amount,five_unit,five_amount,six_unit,six_amount,sales,carryover,created_at,updated_at
1,2016-09-30,180,"01,08,11,21,23,25,28,05,37",0,0.0,14,5721300.0,109,1028700.0,5735,11400.0,89930,1800.0,153913,900.0,237187815,1767086700.0,2017-09-22 09:39:59.295436,2017-09-22 09:39:59.295439
2,2016-09-23,179,"04,09,12,13,22,26,36,05,33",1,581403600.0,8,11980000.0,150,894400.0,6573,11900.0,100985,1900.0,168946,1000.0,0,2114355600.0,2017-09-22 09:40:01.206622,2017-09-22 09:40:01.206630
3,2016-09-16,178,"06,09,11,15,26,34,36,13,37",0,0.0,8,11013900.0,93,1326300.0,5206,13900.0,84160,2100.0,137192,1100.0,298979855,1943843100.0,2017-09-22 09:40:03.070353,2017-09-22 09:40:03.070361
4,2016-09-09,177,"09,15,19,23,25,34,36,02,35",1,800000000.0,9,11551700.0,142,1025000.0,6691,12700.0,108184,1900.0,184822,1000.0,35718160,2293611000.0,2017-09-22 09:40:05.068852,2017-09-22 09:40:05.068860
5,2016-09-02,176,"01,11,12,17,22,30,35,15,16",0,0.0,5,18978800.0,89,1492600.0,5367,14500.0,87754,2100.0,148588,1100.0,528455810,2093478600.0,2017-09-22 09:40:06.903342,2017-09-22 09:40:06.903347
6,2016-10-28,184,"07,14,18,22,23,26,34,02,32",1,800000000.0,28,4463800.0,256,683500.0,9419,10800.0,127958,1900.0,204874,1100.0,751867760,2757388800.0,2017-09-22 09:41:45.635302,2017-09-22 09:41:45.635305
7,2016-10-21,183,"06,15,20,26,33,34,37,19,29",0,0.0,5,23089700.0,113,1430300.0,5827,16200.0,98227,2300.0,175010,1200.0,1181212000,2546931000.0,2017-09-22 09:41:47.518161,2017-09-22 09:41:47.518165
8,2016-10-14,182,"01,07,10,11,20,23,30,03,37",0,0.0,28,3682100.0,203,711000.0,9719,8700.0,117841,1700.0,189068,900.0,842496950,2274510000.0,2017-09-22 09:41:49.433348,2017-09-22 09:41:49.433353
9,2016-10-07,181,"07,08,10,13,19,23,24,15,27",0,0.0,7,13205000.0,130,995400.0,6491,11600.0,102655,1800.0,189360,800.0,521445450,2039238300.0,2017-09-22 09:41:51.419017,2017-09-22 09:41:51.419026
10,2016-11-25,188,"06,15,19,25,26,30,31,14,18",1,478206800.0,4,24214600.0,112,1210700.0,5621,14100.0,93300,2100.0,158624,1100.0,0,2136811200.0,2017-09-22 10:07:39.079511,2017-09-22 10:07:39.079514
11,2016-11-18,187,"04,06,10,23,24,32,36,15,31",2,800000000.0,13,9624600.0,206,850300.0,8657,11800.0,135560,1800.0,231695,900.0,198771140,2760310200.0,2017-09-22 10:07:40.950497,2017-09-22 10:07:40.950502
12,2016-11-11,186,"05,14,16,19,31,33,37,21,28",0,0.0,9,12858400.0,109,1486300.0,6212,15300.0,101630,2300.0,189498,1100.0,1411599250,2553050700.0,2017-09-22 10:07:42.814172,2017-09-22 10:07:42.814177
13,2016-11-04,185,"01,02,04,16,26,29,34,11,12",0,0.0,6,18419400.0,100,1547200.0,5587,16200.0,96090,2300.0,194575,1000.0,1077699135,2438131500.0,2017-09-22 10:07:44.839848,2017-09-22 10:07:44.839853
16,2016-12-30,193,"04,06,20,21,22,24,31,09,10",0,0.0,9,12021800.0,113,1340400.0,6037,14700.0,100444,2100.0,193019,1000.0,844728055,2386954800.0,2017-10-14 13:08:33.854092,2017-10-14 13:08:33.854095
17,2016-12-23,192,"12,13,14,19,25,33,34,03,22",0,0.0,12,7783800.0,118,1108100.0,5960,12800.0,92178,2000.0,163402,1000.0,522955095,2060656500.0,2017-10-14 13:08:36.672012,2017-10-14 13:08:36.672020
18,2016-12-16,191,"08,15,21,24,26,27,29,07,30",0,0.0,4,20202500.0,94,1203500.0,4653,14200.0,76562,2100.0,137587,1000.0,243867070,1782768600.0,2017-10-14 13:08:39.353713,2017-10-14 13:08:39.353721
19,2016-12-09,190,"02,11,12,18,21,33,36,08,34",1,240259100.0,12,6759300.0,105,1081400.0,5065,13100.0,83879,1900.0,144610,1000.0,0,1789443000.0,2017-10-14 13:08:42.117643,2017-10-14 13:08:42.117651
20,2016-12-02,189,"03,07,08,10,18,23,35,01,19",2,123108600.0,8,10370900.0,126,921800.0,6418,10600.0,98944,1700.0,157885,900.0,0,1830363300.0,2017-10-14 13:08:44.796173,2017-10-14 13:08:44.796181
21,2017-01-27,197,"06,08,10,12,16,21,28,14,23",0,0.0,10,9519200.0,163,817500.0,7271,10700.0,109584,1700.0,183425,900.0,522001970,2100048000.0,2017-10-14 13:09:26.562981,2017-10-14 13:09:26.562984
22,2017-01-20,196,"07,13,15,25,30,32,37,08,14",0,0.0,11,7321700.0,113,997800.0,4792,13800.0,76951,2100.0,143940,1000.0,234599870,1776792600.0,2017-10-14 13:09:29.331612,2017-10-14 13:09:29.331619
23,2017-01-13,195,"04,07,12,20,23,24,31,26,35",4,371873100.0,11,10556800.0,229,709900.0,8965,10600.0,131305,1700.0,199956,1000.0,0,2561864100.0,2017-10-14 13:09:32.140122,2017-10-14 13:09:32.140130
24,2017-01-06,194,"03,06,27,30,31,32,36,14,23",0,0.0,6,16169400.0,130,1044700.0,6171,12900.0,96460,2000.0,189955,900.0,1131549130,2140297500.0,2017-10-14 13:09:34.757204,2017-10-14 13:09:34.757211
25,2017-02-24,201,"08,11,17,24,28,31,32,12,34",1,263734200.0,10,8851000.0,134,924700.0,6540,11100.0,96493,1800.0,156259,1000.0,0,1952654400.0,2017-10-14 13:10:31.640204,2017-10-14 13:10:31.640207
26,2017-02-17,200,"13,14,17,21,27,28,34,01,11",4,67987600.0,12,7805300.0,134,978500.0,6075,12600.0,94341,2000.0,152630,1100.0,0,2066340300.0,2017-10-14 13:10:34.323981,2017-10-14 13:10:34.323989
27,2017-02-10,199,"01,09,17,20,22,28,29,13,16",2,636223100.0,22,6022200.0,259,716100.0,11394,9500.0,147540,1800.0,230618,1000.0,0,2922880200.0,2017-10-14 13:10:36.957552,2017-10-14 13:10:36.957560
28,2017-02-03,198,"18,21,31,32,33,36,37,05,25",0,0.0,5,23983300.0,92,1824700.0,7830,12500.0,97289,2500.0,185503,1100.0,879541410,2645509200.0,2017-10-14 13:10:39.689997,2017-10-14 13:10:39.690005
29,2017-03-31,206,"01,06,07,11,27,35,36,22,26",2,405262500.0,10,10099400.0,127,1113300.0,6385,12900.0,103019,1900.0,174481,1000.0,0,2228061600.0,2017-10-14 13:10:53.283508,2017-10-14 13:10:53.283511
30,2017-03-24,205,"04,05,19,31,35,36,37,27,32",0,0.0,5,17824400.0,102,1223200.0,4969,14700.0,84038,2100.0,141768,1100.0,502863990,1966141800.0,2017-10-14 13:10:55.973930,2017-10-14 13:10:55.973938
31,2017-03-17,204,"05,19,20,21,30,34,36,07,12",0,0.0,4,19529000.0,100,1093600.0,4310,14800.0,68340,2300.0,129597,1000.0,237457480,1723334400.0,2017-10-14 13:10:58.682969,2017-10-14 13:10:58.682977
32,2017-03-10,203,"06,13,17,22,32,33,36,12,28",1,236902300.0,9,9011200.0,106,1071100.0,5225,12700.0,80052,2000.0,147130,1000.0,0,1789180500.0,2017-10-14 13:11:01.446080,2017-10-14 13:11:01.446088
33,2017-03-03,202,"03,07,11,16,22,34,37,29,32",1,254364500.0,18,4726500.0,145,821400.0,6040,11500.0,89056,1900.0,133997,1100.0,0,1876905900.0,2017-10-14 13:11:04.110824,2017-10-14 13:11:04.110832
34,2017-04-28,210,"02,04,06,11,15,19,36,23,34",3,81938200.0,13,6308500.0,94,1221400.0,5601,12000.0,90046,1800.0,158042,900.0,0,1809265200.0,2017-10-14 13:11:16.603219,2017-10-14 13:11:16.603222
35,2017-04-21,209,"03,04,06,13,22,31,36,28,34",2,126470700.0,6,13920600.0,148,790000.0,6497,10500.0,95571,1700.0,161235,900.0,0,1842635100.0,2017-10-14 13:11:19.370748,2017-10-14 13:11:19.370756
36,2017-04-14,208,"04,13,16,18,22,26,33,27,29",2,265859700.0,11,8775000.0,148,913000.0,6161,12800.0,94473,2000.0,164238,1000.0,0,2129470800.0,2017-10-14 13:11:22.278750,2017-10-14 13:11:22.278758
37,2017-04-07,207,"04,05,10,13,28,32,33,19,26",0,0.0,6,13070000.0,96,1143600.0,4637,13800.0,77499,2000.0,134173,1000.0,237151340,1730041200.0,2017-10-14 13:11:25.039357,2017-10-14 13:11:25.039365
38,2017-05-26,214,"02,06,09,12,31,36,37,03,22",0,0.0,6,12438700.0,89,1173900.0,4596,13300.0,77756,1900.0,145323,900.0,222151090,1646476200.0,2017-10-14 13:11:41.172730,2017-10-14 13:11:41.172733
39,2017-05-19,213,"05,13,15,18,19,24,35,20,23",1,221975000.0,5,15193000.0,101,1052900.0,4498,13800.0,75550,2000.0,124267,1100.0,0,1675886700.0,2017-10-14 13:11:44.133314,2017-10-14 13:11:44.133321
40,2017-05-12,212,"04,06,10,19,20,24,29,01,27",1,485279600.0,4,22301000.0,111,1125000.0,5279,13800.0,85435,2100.0,147792,1000.0,0,1967952900.0,2017-10-14 13:11:47.071154,2017-10-14 13:11:47.071162
41,2017-05-05,211,"07,15,22,25,31,32,35,29,36",0,0.0,1,73468200.0,87,1182200.0,4147,14500.0,66654,2200.0,120393,1100.0,213835550,1620795000.0,2017-10-14 13:11:49.950698,2017-10-14 13:11:49.950706
42,2017-06-30,219,"06,09,13,14,21,25,31,02,04",1,499890800.0,14,6420600.0,137,918500.0,6501,11300.0,101087,1800.0,172660,900.0,0,1983054300.0,2017-10-14 13:12:44.105287,2017-10-14 13:12:44.105290
43,2017-06-23,218,"15,16,17,21,26,29,30,10,34",0,0.0,7,11201900.0,82,1338700.0,4421,14500.0,69813,2200.0,125932,1100.0,234051170,1729902600.0,2017-10-14 13:12:46.874166,2017-10-14 13:12:46.874174
44,2017-06-16,217,"04,06,26,27,28,35,36,24,34",3,366089300.0,20,5592700.0,276,567300.0,9882,9200.0,135795,1600.0,208907,900.0,0,2467645500.0,2017-10-14 13:12:49.650263,2017-10-14 13:12:49.650271
45,2017-06-09,216,"09,14,22,24,25,36,37,08,28",0,0.0,5,18713100.0,91,1439400.0,5417,14100.0,88057,2100.0,162975,1000.0,752459005,2064172800.0,2017-10-14 13:12:52.421832,2017-10-14 13:12:52.421840
46,2017-06-02,215,"11,12,13,21,29,36,37,07,09",0,0.0,8,10580500.0,113,1048600.0,4689,14800.0,77519,2200.0,163313,900.0,472406545,1867359900.0,2017-10-14 13:12:55.060732,2017-10-14 13:12:55.060740
47,2017-07-28,223,"10,13,19,21,26,33,34,24,25",0,0.0,8,8981800.0,99,1016100.0,4669,12600.0,70043,2000.0,114037,1100.0,216537490,1585204200.0,2017-10-14 13:13:16.520238,2017-10-14 13:13:16.520241
48,2017-07-21,222,"03,09,18,21,23,27,29,35,37",2,237488900.0,6,13828300.0,127,914600.0,6133,11100.0,91984,1800.0,144651,1000.0,0,1830414600.0,2017-10-14 13:13:19.676895,2017-10-14 13:13:19.676903
49,2017-07-14,221,"01,02,09,11,17,30,35,13,36",0,0.0,8,9252000.0,72,1439100.0,4630,13100.0,72256,2000.0,123286,1000.0,228713890,1632880200.0,2017-10-14 13:13:22.347908,2017-10-14 13:13:22.347915
50,2017-07-07,220,"07,09,11,18,25,28,35,20,27",1,226348000.0,9,8553300.0,114,945300.0,5346,11800.0,84172,1800.0,138540,1000.0,0,1698276300.0,2017-10-14 13:13:25.094849,2017-10-14 13:13:25.094857
51,2017-08-25,227,"02,03,07,09,22,23,26,29,30",1,211728100.0,6,12142600.0,110,927200.0,5230,11400.0,81676,1800.0,130062,1000.0,0,1607281200.0,2017-10-14 13:13:39.427566,2017-10-14 13:13:39.427569
52,2017-08-18,226,"12,17,21,24,26,30,32,10,22",2,498775500.0,8,12725800.0,160,890700.0,5907,14100.0,93387,2200.0,153889,1200.0,0,2245978200.0,2017-10-14 13:13:42.050618,2017-10-14 13:13:42.050626
53,2017-08-11,225,"13,15,17,18,20,21,26,25,29",0,0.0,9,9488100.0,72,1660300.0,4625,15100.0,70339,2400.0,129322,1200.0,704586110,1883868600.0,2017-10-14 13:13:44.655143,2017-10-14 13:13:44.655151
54,2017-08-04,224,"02,04,07,10,12,29,34,01,21",0,0.0,12,6787900.0,115,991600.0,5595,11900.0,86363,1900.0,143418,1000.0,455617240,1797015000.0,2017-10-14 13:13:47.332933,2017-10-14 13:13:47.332939
55,2017-09-29,232,"02,04,07,09,15,35,37,10,23",1,1000000000.0,12,9296200.0,153,1020700.0,7395,12300.0,117395,1900.0,214357,900.0,92542530,2461034400.0,2017-10-14 13:13:57.170084,2017-10-14 13:13:57.170087
56,2017-09-22,231,"04,15,18,24,25,34,36,10,26",0,0.0,5,18672100.0,128,1021100.0,5906,12900.0,93003,2000.0,153999,1100.0,759728850,2059649400.0,2017-10-14 13:13:59.868634,2017-10-14 13:13:59.868642
57,2017-09-15,230,"03,05,08,15,22,25,27,18,31",0,0.0,8,10739600.0,132,911200.0,7069,9900.0,103336,1600.0,158735,900.0,488540220,1895432700.0,2017-10-14 13:14:02.641293,2017-10-14 13:14:02.641301
58,2017-09-08,229,"02,03,09,30,33,36,37,01,32",0,0.0,4,18376700.0,70,1470100.0,3954,15200.0,67218,2200.0,113978,1100.0,219972905,1621650900.0,2017-10-14 13:14:05.396990,2017-10-14 13:14:05.396998
59,2017-09-01,228,"06,11,14,21,24,28,31,22,36",1,220207500.0,14,5378700.0,135,780800.0,5511,11200.0,84921,1800.0,146739,900.0,0,1661252100.0,2017-10-14 13:14:08.218022,2017-10-14 13:14:08.218030
60,2017-10-13,234,"07,14,15,16,23,25,30,05,34",0,0.0,7,13471100.0,119,1109300.0,6310,12200.0,98933,1900.0,169649,1000.0,627381835,2080323300.0,2017-10-14 13:14:39.907626,2017-10-14 13:14:39.907629
61,2017-10-06,233,"03,13,17,25,26,27,29,08,37",0,0.0,8,10725400.0,103,1166200.0,5288,13300.0,90228,1900.0,160585,900.0,352144450,1892919600.0,2017-10-14 13:14:42.673304,2017-10-14 13:14:42.673311
62,2017-10-27,236,"19,22,23,34,35,36,37,10,30",0,0.0,6,12589100.0,111,952600.0,4721,13100.0,75308,2000.0,113751,1200.0,219639955,1666389900.0,2018-01-22 22:17:25.319629,2018-01-22 22:17:25.319631
63,2017-10-20,235,"02,09,13,18,21,33,34,03,11",2,465949400.0,7,14675800.0,203,708400.0,7726,10900.0,107778,1900.0,179818,1000.0,0,2266361100.0,2018-01-22 22:17:28.008509,2018-01-22 22:17:28.008517
64,2017-11-24,240,"09,12,14,24,29,31,35,05,30",0,0.0,7,10047300.0,91,1082000.0,4401,13100.0,71616,1900.0,124083,1000.0,211619725,1551598500.0,2018-01-22 22:17:49.862361,2018-01-22 22:17:49.862364
65,2017-11-17,239,"08,13,17,21,23,28,37,01,14",2,108367000.0,10,7272000.0,83,1226500.0,4447,13400.0,76039,1900.0,126613,1000.0,0,1604290200.0,2018-01-22 22:17:52.546106,2018-01-22 22:17:52.546113
66,2017-11-10,238,"03,21,26,33,34,35,37,23,31",1,221756400.0,5,15076200.0,58,1819500.0,3900,15800.0,69076,2200.0,110077,1200.0,0,1662995700.0,2018-01-22 22:17:55.281699,2018-01-22 22:17:55.281706
67,2017-11-03,237,"03,04,07,19,20,21,29,08,33",1,495540900.0,11,8194800.0,127,993600.0,6148,12000.0,94907,1900.0,165076,900.0,0,1988663700.0,2018-01-22 22:17:58.063170,2018-01-22 22:17:58.063175
68,2017-12-29,245,"02,08,09,11,24,26,27,07,36",2,117494400.0,12,6681100.0,157,714900.0,6149,10700.0,93255,1700.0,160222,900.0,0,1768731300.0,2018-01-22 22:18:08.716907,2018-01-22 22:18:08.716910
69,2017-12-22,244,"02,09,17,22,32,34,36,11,12",1,228504900.0,7,10852200.0,109,975600.0,4719,13200.0,72293,2100.0,129238,1000.0,0,1675899600.0,2018-01-22 22:18:11.311367,2018-01-22 22:18:11.311374
70,2017-12-15,243,"06,09,13,18,20,22,30,11,14",2,517917800.0,11,9559600.0,128,1150100.0,6642,13000.0,105269,2000.0,180325,1000.0,0,2319857400.0,2018-01-22 22:18:13.776536,2018-01-22 22:18:13.776545
71,2017-12-08,242,"01,05,13,17,31,32,35,19,24",0,0.0,9,10182000.0,95,1350400.0,5229,14300.0,83427,2200.0,150343,1100.0,721477315,2021643000.0,2018-01-22 22:18:16.449366,2018-01-22 22:18:16.449373
72,2017-12-01,241,"05,11,12,19,21,26,28,04,20",0,0.0,13,6352500.0,123,939900.0,5635,12000.0,86968,1900.0,145057,1000.0,455355365,1821871200.0,2018-01-22 22:18:19.073711,2018-01-22 22:18:19.073718
73,2018-01-19,248,"01,05,06,22,25,27,31,12,18",1,486799200.0,12,7244300.0,89,1367400.0,5288,13500.0,84474,2000.0,158212,900.0,0,1917834000.0,2018-01-22 22:18:49.122236,2018-01-22 22:18:49.122238
74,2018-01-12,247,"10,12,13,16,34,35,36,11,37",0,0.0,8,8744900.0,75,1305800.0,3817,15000.0,62163,2200.0,117489,1000.0,215130950,1543395000.0,2018-01-22 22:18:51.916437,2018-01-22 22:18:51.916445
75,2018-01-05,246,"03,06,09,19,23,25,31,21,36",1,190480600.0,8,7775400.0,102,853700.0,4759,10700.0,70956,1700.0,118023,900.0,0,1372285500.0,2018-01-22 22:18:54.690465,2018-01-22 22:18:54.690472
76,2018-01-26,249,"09,20,28,29,31,34,37,05,25",0,0.0,3,24094600.0,99,1022100.0,3503,16900.0,60041,2400.0,106364,1200.0,213193135,1594668300.0,2018-01-27 23:38:03.648652,2018-01-27 23:38:03.648656
77,2018-02-16,252,"08,23,24,25,27,30,31,11,17",1,316752000.0,4,12826500.0,83,865300.0,4412,9500.0,70825,1400.0,131904,900.0,0,1554801300.0,2018-02-20 05:41:02.484502,2018-02-20 05:41:02.484506
78,2018-02-09,251,"01,15,20,26,28,34,37,23,30",1,312906800.0,2,25915900.0,76,954700.0,3459,12300.0,59358,1700.0,105067,1200.0,0,1570734600.0,2018-02-20 05:42:28.368312,2018-02-20 05:42:28.368315
79,2018-02-02,250,"05,09,10,13,26,30,34,18,23",1,474586400.0,15,5711200.0,110,1090300.0,5706,12300.0,87003,1900.0,147994,1000.0,0,1889950800.0,2018-02-20 05:42:31.009917,2018-02-20 05:42:31.009921
80,2018-03-16,256,"14,21,24,27,30,33,37,19,20",1,305471000.0,3,17000400.0,77,927200.0,3497,11900.0,59453,1700.0,104129,1200.0,0,1545568500.0,2018-03-18 18:00:36.362480,2018-03-18 18:00:36.362483
81,2018-03-09,255,"01,04,11,13,15,21,32,05,10",2,334468400.0,5,12119600.0,83,1022100.0,4473,11100.0,80800,1500.0,142503,1000.0,0,1836396000.0,2018-03-18 18:00:38.899176,2018-03-18 18:00:38.899193
82,2018-03-02,254,"01,12,14,18,23,24,31,07,26",0,0.0,3,16800700.0,59,1195900.0,3838,10700.0,65858,1500.0,125175,1000.0,301344395,1527407100.0,2018-03-18 18:00:41.479130,2018-03-18 18:00:41.479137
83,2018-02-23,253,"06,07,09,12,15,17,24,26,29",1,309164300.0,4,12622700.0,98,721200.0,5391,7600.0,80979,1200.0,133405,900.0,0,1530096900.0,2018-03-18 18:00:55.245712,2018-03-18 18:00:55.245715
89,2018-03-23,257,"05,15,16,26,27,32,35,23,28",1,303266300.0,11,4621500.0,84,847200.0,4241,9800.0,66571,1500.0,126574,1000.0,1540577700,0.0,2018-04-21 00:08:34.614765,2018-04-21 00:08:34.614771
90,2018-03-30,258,"01,03,11,20,23,32,35,25,26",1,305996000.0,5,10008900.0,79,886800.0,3736,11000.0,61830,1600.0,105761,1100.0,1516575300,0.0,2018-04-21 00:08:35.907639,2018-04-21 00:08:35.907647
91,2018-04-06,259,"05,06,15,19,22,29,32,04,31",0,0.0,8,6022100.0,64,1053800.0,3432,11500.0,58886,1600.0,110818,1000.0,1459976700,296865915.0,2018-04-21 00:08:37.194616,2018-04-21 00:08:37.194624
92,2018-04-13,260,"04,08,12,23,29,31,34,05,06",2,333667500.0,4,14811100.0,163,508800.0,6620,7300.0,93834,1200.0,149269,900.0,1795371000,0.0,2018-04-21 00:08:38.497990,2018-04-21 00:08:38.497995
93,2018-04-20,261,"04,14,15,17,21,23,26,07,08",0,0.0,7,7013900.0,56,1227400.0,3805,10500.0,63451,1500.0,129577,900.0,1487872500,299962625.0,2018-04-21 00:08:39.932271,2018-04-21 00:08:39.932278
94,2013-04-05,1,"07,10,12,17,23,28,34,03,15",1,301716500.0,24,4144600.0,168,828900.0,8254,9800.0,115022,1700.0,189593,900.0,2194449900,0.0,2018-04-21 01:14:13.919878,2018-04-21 01:14:13.919884
95,2013-04-12,2,"20,24,29,31,33,34,35,12,32",0,0.0,3,27968500.0,63,1864500.0,3631,18900.0,67155,2500.0,122990,1200.0,1851060000,247506600.0,2018-04-21 01:24:57.449857,2018-04-21 01:24:57.449862
96,2013-04-19,3,"02,07,08,11,14,23,31,05,15",0,0.0,15,8717200.0,218,839700.0,9957,10700.0,147796,1700.0,252702,900.0,2884697700,646583065.0,2018-04-21 01:24:58.742169,2018-04-21 01:24:58.742177
97,2013-04-26,4,"12,13,22,23,24,28,29,02,14",0,0.0,6,22730100.0,132,1446400.0,7217,15500.0,127060,2100.0,217162,1100.0,3008726400,1055636845.0,2018-04-21 01:25:00.051923,2018-04-21 01:25:00.051930
98,2013-05-03,5,"01,03,04,05,16,21,28,22,31",0,0.0,13,11525600.0,217,966600.0,10451,11700.0,163965,1800.0,239669,1100.0,3305505900,1502479900.0,2018-04-21 01:26:41.467013,2018-04-21 01:26:41.467018
99,2013-05-10,6,"05,15,19,23,30,34,35,06,25",0,0.0,13,12174300.0,166,1334700.0,9111,14200.0,158890,2000.0,271441,1000.0,3491554500,1975256125.0,2018-04-21 01:26:42.761581,2018-04-21 01:26:42.761589
100,2013-05-17,7,"01,03,05,07,27,29,33,06,15",3,800000000.0,18,8835900.0,209,1065300.0,10300,12600.0,164712,1900.0,287966,1000.0,3508752300,41801960.0,2018-04-21 01:26:44.145938,2018-04-21 01:26:44.145946
101,2013-05-24,8,"02,21,28,29,30,32,36,06,08",0,0.0,4,28966000.0,98,1655100.0,5628,16900.0,98454,2300.0,201752,1000.0,2556097200,390672500.0,2018-04-21 01:26:45.423684,2018-04-21 01:26:45.423691
102,2013-05-31,9,"03,04,15,23,27,30,36,13,35",2,380111200.0,4,30883600.0,201,860400.0,8281,12200.0,129548,1900.0,213199,1000.0,2725318200,0.0,2018-04-21 01:26:46.724275,2018-04-21 01:26:46.724279
103,2013-06-07,10,"01,02,03,06,24,28,30,16,20",0,0.0,4,26389000.0,147,1005200.0,6861,12600.0,113261,1800.0,166137,1100.0,2328697200,321524240.0,2018-04-21 01:26:48.174154,2018-04-21 01:26:48.174161
104,2013-06-14,11,"09,15,26,29,32,34,36,14,35",1,707670400.0,6,20977400.0,138,1276800.0,6700,15400.0,112138,2200.0,211430,1000.0,2776716900,0.0,2018-04-21 01:26:49.483422,2018-04-21 01:26:49.483430
105,2013-06-21,12,"11,12,14,19,26,27,33,24,32",1,296535200.0,9,11274500.0,198,717400.0,7888,10500.0,111522,1800.0,167040,1100.0,2238574500,0.0,2018-04-21 01:26:50.763124,2018-04-21 01:26:50.763131
106,2013-06-28,13,"06,10,16,21,27,28,35,15,34",0,0.0,8,12556800.0,116,1212300.0,6420,12800.0,102857,1900.0,180788,1000.0,2216156700,297797015.0,2018-04-21 01:26:52.038523,2018-04-21 01:26:52.038528
107,2013-07-05,14,"04,07,08,09,24,28,30,34,36",2,316971200.0,16,7259000.0,206,789300.0,9151,10400.0,138034,1700.0,208315,1000.0,2562285300,0.0,2018-04-21 01:26:53.315727,2018-04-21 01:26:53.315735
108,2018-04-27,262,"02,06,07,09,19,23,36,05,15",0,0.0,14,4083500.0,149,537100.0,6334,7400.0,95239,1200.0,155703,900.0,1732508700,641103540.0,2018-04-27 22:46:53.104292,2018-04-27 22:46:53.104297
109,2018-05-04,263,"01,05,11,16,27,35,36,06,14",0,0.0,6,10029000.0,121,696200.0,5583,8800.0,85611,1400.0,141147,1000.0,1823551500,1007154715.0,2018-05-07 22:18:08.370923,2018-05-07 22:18:08.370928
110,2018-05-11,264,"08,13,15,17,21,26,29,04,24",0,0.0,23,3183500.0,196,523000.0,8103,7400.0,112727,1300.0,193807,900.0,2218970700,1449029430.0,2018-05-12 09:40:30.608093,2018-05-12 09:40:30.608098
111,2018-05-18,265,"12,13,15,19,21,24,36,10,37",2,973273800.0,9,9164300.0,166,695500.0,6858,9800.0,115664,1400.0,181981,1100.0,2499482400,0.0,2018-05-18 20:23:43.232508,2018-05-18 20:23:43.232512
112,2018-05-25,266,"06,11,15,17,20,27,32,16,22",0,0.0,3,17184400.0,84,859200.0,3986,10600.0,65358,1600.0,107711,1100.0,1562293500,313999575.0,2018-05-26 09:31:25.003797,2018-05-26 09:31:25.003801
113,2018-06-01,267,"08,13,18,20,23,25,26,06,28",0,0.0,10,6591600.0,82,1125300.0,4991,10800.0,84759,1500.0,154705,1000.0,1997564100,718966520.0,2018-06-02 10:41:21.471235,2018-06-02 10:41:21.471240
114,2018-06-08,268,"04,05,09,15,29,31,33,26,27",1,1000000000.0,6,12371700.0,135,769700.0,6894,8800.0,108858,1300.0,197196,900.0,2249520300,173451955.0,2018-06-09 12:21:51.964881,2018-06-09 12:21:51.964885
115,2013-07-12,15,"02,10,14,17,23,25,35,08,29",2,139246400.0,10,9268900.0,112,1158600.0,5732,13200.0,92282,2000.0,176674,900.0,2044840200,0.0,2018-06-12 17:56:24.740368,2018-06-12 17:56:24.740375
116,2013-07-19,16,"05,06,09,13,16,21,23,08,34",1,259314500.0,4,21862000.0,105,1165900.0,4943,14500.0,83727,2100.0,151462,1000.0,1929209400,0.0,2018-06-12 17:56:26.884986,2018-06-12 17:56:26.884993
117,2013-07-26,17,"02,03,05,22,34,36,37,07,15",0,0.0,4,20977700.0,90,1305200.0,4666,14700.0,77221,2200.0,169662,800.0,1851175500,257444175.0,2018-06-12 17:56:28.635174,2018-06-12 17:56:28.635182
118,2013-08-02,18,"12,17,21,24,29,31,36,20,26",4,138991400.0,6,16682100.0,217,645700.0,6847,12000.0,97855,2000.0,147556,1200.0,2208161100,0.0,2018-06-12 17:56:30.505577,2018-06-12 17:56:30.505585
119,2013-08-09,19,"02,14,19,20,21,22,31,01,15",0,0.0,4,19848700.0,76,1462500.0,3806,17100.0,64380,2500.0,114009,1200.0,1751549100,234808895.0,2018-06-12 17:56:32.544587,2018-06-12 17:56:32.544595
120,2018-06-15,269,"01,09,15,24,31,33,36,02,26",1,541546300.0,5,12376300.0,125,693000.0,5556,9100.0,87230,1400.0,140545,1100.0,1875293400,0.0,2018-06-17 09:35:45.650847,2018-06-17 09:35:45.650852
121,2018-06-22,270,"01,02,11,13,15,24,25,26,28",0,0.0,8,6633500.0,69,1076700.0,4512,9600.0,74459,1400.0,135756,900.0,1608197400,326590330.0,2018-06-22 22:24:10.027571,2018-06-22 22:24:10.027578
122,2018-06-29,271,"01,09,15,16,19,32,35,14,31",0,0.0,8,7961400.0,88,1013200.0,4611,11300.0,76077,1600.0,132456,1200.0,1930128600,709520700.0,2018-06-29 21:41:19.354135,2018-06-29 21:41:19.354140
123,2018-07-06,272,"02,05,08,15,18,26,31,19,25",2,565988400.0,8,8794000.0,147,670000.0,8328,6900.0,108405,1300.0,169711,1000.0,2131997400,0.0,2018-07-06 21:40:26.821504,2018-07-06 21:40:26.821509
124,2018-07-13,273,"13,15,21,23,26,32,34,05,09",2,163912900.0,396,131500.0,190,383700.0,7181,5900.0,81640,1200.0,146385,800.0,1578326400,0.0,2018-07-14 10:07:20.275085,2018-07-14 10:07:20.275090
125,2018-07-20,274,"09,14,21,23,25,26,37,07,29",0,0.0,5,9848700.0,54,1276600.0,4093,9800.0,70124,1400.0,117691,1000.0,1492302300,297380135.0,2018-07-21 09:23:33.549598,2018-07-21 09:23:33.549604
126,2018-07-27,275,"08,09,15,19,24,25,35,34,37",0,0.0,14,4188400.0,133,617200.0,6531,7300.0,94999,1200.0,135106,1000.0,1776986400,659517715.0,2018-07-28 15:22:43.582289,2018-07-28 15:22:43.582294
127,2018-08-03,276,"03,06,12,17,22,34,35,02,33",1,1000000000.0,7,9668700.0,159,595900.0,6399,8600.0,94774,1400.0,151327,1100.0,2051043600,65883635.0,2018-08-04 10:11:41.246749,2018-08-04 10:11:41.246755
128,2018-08-10,277,"06,07,09,11,21,23,25,01,22",0,0.0,12,4532500.0,129,590200.0,5833,7600.0,90448,1200.0,147333,900.0,1648267500,391610110.0,2018-08-12 20:18:42.136403,2018-08-12 20:18:42.136408
129,2018-08-17,278,"06,09,14,21,23,33,36,27,28",0,0.0,5,12638600.0,142,623000.0,6793,7600.0,103978,1200.0,167042,900.0,1915041000,774981360.0,2018-08-17 22:39:12.846161,2018-08-17 22:39:12.846166
130,2018-08-24,279,"07,11,15,17,19,23,31,09,37",0,0.0,12,5937600.0,185,539100.0,8548,6800.0,117304,1200.0,210604,800.0,2159253000,1208286110.0,2018-08-24 21:20:28.131322,2018-08-24 21:20:28.131327
131,2018-08-31,280,"04,09,10,11,24,32,35,02,37",0,0.0,6,13162000.0,173,639000.0,7531,8600.0,116457,1300.0,186330,1000.0,2393202000,1693217310.0,2018-08-31 20:19:50.448972,2018-08-31 20:19:50.448977
132,2018-09-07,281,"01,02,17,19,20,22,26,30,36",1,1000000000.0,4,20471100.0,96,1194100.0,5111,13100.0,89508,1800.0,163932,1200.0,2481466800,1188572470.0,2018-09-07 20:32:09.666472,2018-09-07 20:32:09.666477
133,2018-09-14,282,"10,17,18,25,29,35,36,07,14",1,1000000000.0,8,9824400.0,112,982400.0,5643,11400.0,97856,1600.0,175263,1100.0,2381792400,658065950.0,2018-09-14 21:18:57.435742,2018-09-14 21:18:57.435747
134,2018-09-21,283,"13,14,15,17,23,29,31,10,19",0,0.0,5,13780800.0,117,824400.0,6559,8600.0,102728,1300.0,152967,1100.0,2088105600,1074137170.0,2018-09-21 22:44:35.424232,2018-09-21 22:44:35.424238
135,2018-09-28,284,"06,07,10,25,29,30,33,01,31",0,0.0,9,8583600.0,124,872100.0,6317,10000.0,103248,1500.0,174824,1100.0,2341106700,1531893985.0,2018-09-28 21:14:51.531827,2018-09-28 21:14:51.531830
136,2018-10-05,285,"11,15,21,26,30,34,35,04,36",0,0.0,11,7307100.0,114,987000.0,6824,9600.0,110319,1400.0,189588,1000.0,2435827200,2025575125.0,2018-10-05 22:24:27.648122,2018-10-05 22:24:27.648127
137,2018-10-12,286,"04,05,14,17,18,29,37,27,31",0,0.0,12,7365100.0,151,819400.0,7138,10100.0,114717,1500.0,211324,1000.0,2678345100,2563226520.0,2018-10-12 22:52:48.345294,2018-10-12 22:52:48.345300
170,2018-10-19,287,"02,07,10,20,24,29,34,04,08",0,0.0,5,20004100.0,139,1007300.0,7135,11500.0,120517,1600.0,229390,1000.0,3031075800,3182905730.0,2018-10-20 07:13:05.574138,2018-10-20 07:13:05.574143
171,2018-10-26,288,"01,08,09,16,27,32,37,17,31",2,1000000000.0,16,6898600.0,253,610700.0,11152,8100.0,159113,1400.0,254099,1000.0,3344972700,1856070345.0,2018-10-29 21:26:20.228982,2018-10-29 21:26:20.228987
172,2018-11-02,289,"02,07,10,12,16,17,34,23,25",1,1000000000.0,10,9272400.0,116,1119000.0,8151,9300.0,126863,1400.0,237336,900.0,2809955400,1431007375.0,2018-11-02 22:30:28.380849,2018-11-02 22:30:28.380854
173,2018-11-09,290,"03,13,22,26,31,32,37,29,35",0,0.0,7,12685700.0,135,920800.0,8993,8100.0,117753,1500.0,200734,1100.0,2691048900,1958591280.0,2018-11-10 09:49:33.545777,2018-11-10 09:49:33.545781
174,2018-11-16,291,"01,11,18,19,21,29,37,05,15",1,1000000000.0,11,8279400.0,147,867300.0,6914,10800.0,112385,1600.0,215531,1000.0,2759944800,1511981740.0,2018-11-16 22:58:43.494505,2018-11-16 22:58:43.494509
175,2018-11-23,292,"12,15,25,26,27,29,35,24,30",0,0.0,7,11727300.0,123,934300.0,6641,10100.0,115238,1400.0,194454,1000.0,2487726900,2011587545.0,2018-11-30 21:46:45.152077,2018-11-30 21:46:45.152081
176,2018-11-30,293,"11,13,15,20,27,29,35,01,07",3,847890100.0,13,6877200.0,193,648500.0,8255,8800.0,127142,1400.0,221913,1000.0,2709339300,0.0,2018-11-30 21:46:46.451888,2018-11-30 21:46:46.451895
177,2018-12-07,294,"03,04,06,10,14,22,29,28,32",0,0.0,6,9858900.0,117,707800.0,5538,8700.0,86288,1300.0,141461,1000.0,1792626900,362900105.0,2018-12-08 10:24:17.338753,2018-12-08 10:24:17.338758
178,2018-12-14,295,"04,05,06,08,09,22,32,13,26",0,0.0,7,10043600.0,85,1157900.0,5550,10400.0,91904,1500.0,170758,1000.0,2130574200,786597795.0,2018-12-15 00:01:17.203544,2018-12-15 00:01:17.203550
179,2018-12-21,296,"01,08,10,12,18,28,29,25,27",1,1000000000.0,14,5696500.0,181,616800.0,8342,7800.0,120593,1300.0,198645,1000.0,2416812600,262288165.0,2018-12-24 18:10:01.819416,2018-12-24 18:10:01.819421
180,2018-12-28,297,"02,03,11,16,23,28,36,08,24",0,0.0,29,2601200.0,216,488900.0,9573,6400.0,127018,1200.0,215516,800.0,2286040200,723867455.0,2018-12-29 17:49:25.008700,2018-12-29 17:49:25.008705
181,2019-01-04,298,"01,03,08,11,18,19,22,26,30",0,0.0,10,5834900.0,147,555700.0,6553,7300.0,92747,1200.0,141991,1000.0,1768254000,1078420555.0,2019-01-04 20:50:20.278405,2019-01-04 20:50:20.278409
182,2019-01-11,299,"01,06,10,13,16,26,36,28,30",0,0.0,11,7533500.0,207,560400.0,7616,8900.0,105706,1500.0,186101,1100.0,2511307500,1578585130.0,2019-01-12 18:30:07.393824,2019-01-12 18:30:07.393827
183,2019-01-18,300,"04,07,21,31,33,34,35,06,12",1,1000000000.0,4,21689100.0,172,706100.0,7409,9600.0,114350,1500.0,193635,1100.0,2629101600,1097825350.0,2019-01-18 21:21:22.842110,2019-01-18 21:21:22.842116
184,2019-01-25,301,"04,11,12,25,27,30,33,05,19",0,0.0,20,4144500.0,196,592000.0,8211,8200.0,122132,1300.0,209123,900.0,2511960900,1614973255.0,2019-01-26 15:31:20.971787,2019-01-26 15:31:20.971792
185,2019-02-01,302,"08,16,26,27,28,32,34,04,25",0,0.0,10,8611300.0,145,831400.0,7315,9600.0,116603,1400.0,198947,1000.0,2609631000,2150226005.0,2019-02-09 21:53:53.634338,2019-02-09 21:53:53.634341
186,2019-02-08,303,"04,07,14,17,21,34,37,10,30",0,0.0,11,8300300.0,328,389700.0,9335,8000.0,126257,1400.0,194195,1100.0,2766901200,2711152345.0,2019-02-09 21:53:54.906318,2019-02-09 21:53:54.906325
187,2019-02-15,304,"07,09,10,17,28,33,36,18,23",0,0.0,14,6958200.0,167,816600.0,7790,10200.0,132072,1400.0,242136,1000.0,2952113400,3299321575.0,2019-02-16 00:14:40.824625,2019-02-16 00:14:40.824630
220,2019-02-22,305,"06,17,23,24,27,28,31,10,18",1,1000000000.0,15,7062900.0,187,793100.0,9402,9200.0,154534,1300.0,262362,1000.0,3210586200,2940077565.0,2019-02-24 13:54:05.098422,2019-02-24 13:54:05.098427
221,2019-03-01,306,"12,13,15,22,25,33,35,01,31",0,0.0,8,12306100.0,186,741000.0,8831,9100.0,135005,1400.0,222934,1100.0,2983446000,3531756965.0,2019-03-04 17:47:34.362607,2019-03-04 17:47:34.362612
222,2019-03-08,307,"05,08,15,24,25,32,35,20,26",3,1000000000.0,21,4932300.0,297,488200.0,13086,6500.0,162254,1200.0,244004,1000.0,3138938100,1171937610.0,2019-03-09 16:44:06.889935,2019-03-09 16:44:06.889940
223,2019-03-15,308,"05,06,11,15,20,32,33,13,25",0,0.0,4,21951800.0,133,924200.0,6761,10600.0,110187,1600.0,205005,1000.0,2660948100,1705667655.0,2019-03-17 21:44:58.338785,2019-03-17 21:44:58.338791
224,2019-03-22,309,"01,07,13,14,16,21,22,18,34",0,0.0,9,9861900.0,126,986100.0,6832,10600.0,117028,1500.0,211539,1000.0,2689734600,2243542325.0,2019-03-29 19:10:40.964294,2019-03-29 19:10:40.964299
225,2019-03-29,310,"17,25,26,28,31,32,37,06,09",3,933583800.0,7,12983500.0,110,1156600.0,6651,11200.0,115353,1500.0,216558,1000.0,2754219000,0.0,2019-04-06 09:26:35.448243,2019-04-06 09:26:35.448249
226,2019-04-05,311,"09,11,18,24,26,27,37,30,33",0,0.0,8,7563000.0,107,791600.0,5650,8700.0,88259,1300.0,146370,1000.0,1833559500,369634875.0,2019-04-06 09:26:36.712604,2019-04-06 09:26:36.712607
227,2019-04-12,312,"01,02,04,18,20,29,34,17,30",1,793630300.0,8,8697900.0,97,1004200.0,5040,11300.0,83581,1600.0,152043,1100.0,2108700000,0.0,2019-04-13 09:27:34.926498,2019-04-13 09:27:34.926504
228,2019-04-19,313,"09,13,16,23,28,29,30,01,20",0,0.0,5,12035500.0,127,663300.0,5448,9000.0,89097,1300.0,130932,1100.0,1823653200,367344040.0,2019-04-21 18:49:11.921907,2019-04-21 18:49:11.921912
229,2019-04-26,314,"03,06,08,19,32,34,35,12,30",0,0.0,13,5485700.0,108,924400.0,5553,10500.0,97779,1400.0,166517,1000.0,2161142700,806994855.0,2019-04-26 21:21:50.375308,2019-04-26 21:21:50.375313
230,2019-05-03,315,"03,11,18,26,30,33,37,28,31",3,413815400.0,5,14069200.0,159,619300.0,6455,8900.0,98226,1400.0,161077,1000.0,2131798200,0.0,2019-05-03 21:21:51.502472,2019-05-03 21:21:51.502477
231,2019-05-10,316,"03,09,10,17,30,33,34,06,08",1,348691900.0,12,4827400.0,135,600700.0,5666,8300.0,82071,1400.0,140345,1000.0,1755527700,0.0,2019-05-12 08:09:11.459121,2019-05-12 08:09:11.459126
232,2019-05-17,317,"07,08,14,15,16,20,29,18,19",0,0.0,4,14232400.0,76,1048600.0,4620,10100.0,75217,1500.0,116545,1200.0,1725229200,340388440.0,2019-05-18 18:16:09.301270,2019-05-18 18:16:09.301274
233,2019-05-24,318,"04,05,10,12,27,34,36,03,14",2,376602400.0,7,9773600.0,140,684100.0,6908,8100.0,105569,1300.0,162780,1000.0,2073289200,0.0,2019-05-24 20:07:46.292576,2019-05-24 20:07:46.292582
234,2019-05-31,319,"02,06,14,23,28,31,35,19,27",1,348796200.0,30,1908100.0,226,354600.0,7223,6500.0,94033,1200.0,149658,900.0,1734800400,0.0,2019-06-01 13:36:36.009076,2019-06-01 13:36:36.009081
235,2019-06-07,320,"05,06,18,22,26,33,34,36,37",1,333152300.0,7,7832200.0,121,634300.0,5868,7600.0,79530,1300.0,122679,1100.0,1661468400,0.0,2019-06-07 21:59:01.875390,2019-06-07 21:59:01.875396
236,2019-06-14,321,"15,24,27,28,29,34,35,09,25",0,0.0,9,6392100.0,86,936500.0,4828,9700.0,82937,1400.0,145249,900.0,1743390300,352790235.0,2019-06-15 04:46:52.237965,2019-06-15 04:46:52.237971
237,2019-06-21,322,"01,10,11,21,26,29,30,14,20",2,389402400.0,13,5354100.0,147,662800.0,7713,7400.0,101277,1300.0,152176,1100.0,2109287700,0.0,2019-06-23 08:41:57.045591,2019-06-23 08:41:57.045596
238,2019-06-28,323,"11,14,15,21,26,34,36,23,27",1,355424900.0,6,9655800.0,103,787400.0,4826,9800.0,77359,1500.0,146957,900.0,1755681300,0.0,2019-06-28 20:51:12.751860,2019-06-28 20:51:12.751866
239,2019-07-05,324,"09,13,16,17,18,19,20,30,36",0,0.0,2,27594700.0,97,796500.0,4121,10900.0,63156,1700.0,113947,1200.0,1672483500,331147175.0,2019-07-05 21:58:55.433998,2019-07-05 21:58:55.434003
240,2019-07-12,325,"04,14,17,18,21,31,33,06,20",0,0.0,5,13191000.0,97,951900.0,4977,10800.0,80144,1600.0,137151,1200.0,1998736500,725726100.0,2019-07-12 21:30:48.033517,2019-07-12 21:30:48.033522
241,2019-07-19,326,"01,02,17,18,24,27,29,12,32",2,584295200.0,5,14430500.0,103,980600.0,5032,11700.0,90286,1600.0,164592,1000.0,2186539500,0.0,2019-07-21 09:09:05.189279,2019-07-21 09:09:05.189285
242,2019-07-26,327,"01,03,13,14,16,30,31,02,17",1,325927600.0,5,10812400.0,95,796600.0,4617,9600.0,68651,1500.0,111898,1200.0,1638319800,0.0,2019-07-27 13:08:15.229127,2019-07-27 13:08:15.229131
243,2019-08-02,328,"03,09,10,14,19,24,30,18,21",1,319467200.0,5,10642200.0,114,653400.0,4490,9700.0,73061,1400.0,120577,1100.0,1612530900,0.0,2019-08-12 22:44:16.169363,2019-08-12 22:44:16.169367
244,2019-08-09,329,"03,10,19,20,26,28,30,15,25",0,0.0,4,12892800.0,89,811200.0,4430,9500.0,69036,1500.0,116797,1100.0,1562843100,305395695.0,2019-08-12 22:44:19.302287,2019-08-12 22:44:19.302295
276,2019-08-16,330,"03,04,10,12,17,18,20,19,32",1,674889600.0,4,15358000.0,120,716600.0,5435,9200.0,84712,1400.0,138394,1100.0,1861667100,0.0,2019-08-17 07:44:55.454514,2019-08-17 07:44:55.454520
277,2019-08-23,331,"05,07,11,12,15,18,20,19,30",0,0.0,6,8872000.0,126,591400.0,4999,8700.0,78083,1300.0,134724,900.0,1613179800,331931710.0,2019-08-24 19:26:12.144353,2019-08-24 19:26:12.144359
278,2019-08-30,332,"05,07,10,15,24,27,30,03,33",0,0.0,10,6623100.0,149,622300.0,7242,7500.0,107919,1200.0,177475,900.0,2007120900,732637115.0,2019-08-31 17:14:38.185801,2019-08-31 17:14:38.185806
279,2019-09-06,333,"01,04,10,11,16,24,34,30,32",0,0.0,8,9777700.0,163,671800.0,7178,8900.0,109222,1400.0,177114,1100.0,2370466200,1200001505.0,2019-09-07 11:13:10.145506,2019-09-07 11:13:10.145510
280,2019-09-13,334,"03,07,15,16,30,34,35,08,29",0,0.0,7,12684700.0,194,640700.0,8126,8900.0,127766,1400.0,218183,1000.0,2690817600,1728403925.0,2019-09-15 13:22:14.816487,2019-09-15 13:22:14.816493
281,2019-09-20,335,"09,10,17,18,22,25,35,13,14",0,0.0,9,10528600.0,195,680200.0,8483,9100.0,132338,1400.0,227897,1000.0,2871581100,2302853520.0,2019-09-21 09:06:43.661926,2019-09-21 09:06:43.661930
282,2019-09-27,336,"09,10,13,21,25,31,33,24,37",0,0.0,6,17333900.0,181,804400.0,8759,9700.0,142505,1400.0,236100,1100.0,3151767900,2927369975.0,2019-09-28 09:47:29.765247,2019-09-28 09:47:29.765252
283,2019-10-04,337,"05,07,10,12,14,24,35,11,33",1,1000000000.0,15,7307200.0,248,618700.0,11324,7900.0,170249,1300.0,293615,900.0,3321612600,2584013245.0,2019-10-04 20:38:19.780939,2019-10-04 20:38:19.780944
284,2019-10-11,338,"07,09,16,17,23,27,34,15,36",1,1000000000.0,19,5112700.0,194,701000.0,9853,8000.0,148918,1300.0,258463,900.0,2943846000,2170574545.0,2019-10-11 21:09:01.269671,2019-10-11 21:09:01.269677
285,2019-10-18,339,"11,15,18,20,23,25,32,09,37",1,1000000000.0,11,8388400.0,145,890800.0,7414,10200.0,120717,1500.0,219031,1000.0,2796283200,1731734285.0,2019-10-18 22:57:30.991833,2019-10-18 22:57:30.991837
286,2019-10-25,340,"06,14,17,26,27,30,36,12,28",1,1000000000.0,10,8665400.0,138,879000.0,7307,9700.0,115794,1500.0,208956,1000.0,2626018200,1251961575.0,2019-10-26 22:04:00.095463,2019-10-26 22:04:00.095466
287,2019-11-01,341,"04,11,17,27,29,31,36,19,24",1,1000000000.0,28,3169000.0,160,776300.0,7811,9300.0,124104,1400.0,219507,1000.0,2688970800,783163535.0,2019-11-02 16:53:13.334078,2019-11-02 16:53:13.334082
288,2019-11-08,342,"03,06,24,28,32,35,36,04,08",0,0.0,6,13918200.0,160,730600.0,7572,9000.0,118568,1400.0,208744,900.0,2530702500,1299561660.0,2019-11-09 11:11:55.102293,2019-11-09 11:11:55.102296
289,2019-11-15,343,"17,19,22,29,30,31,32,11,16",0,0.0,7,12200200.0,86,1390200.0,5697,12300.0,97660,1700.0,187577,1100.0,2588042700,1816792475.0,2019-11-15 21:49:20.984325,2019-11-15 21:49:20.984330
290,2019-11-22,344,"11,19,28,29,31,32,37,12,21",0,0.0,9,9436100.0,128,928800.0,7088,9800.0,112169,1500.0,184062,1100.0,2573618400,2330925355.0,2019-11-22 21:52:48.648815,2019-11-22 21:52:48.648820
291,2019-11-29,345,"06,09,10,18,28,31,32,24,35",1,1000000000.0,13,6971600.0,166,764300.0,7785,9500.0,127276,1400.0,220771,1000.0,2746537200,1876447595.0,2019-11-30 08:25:27.085362,2019-11-30 08:25:27.085367
292,2019-12-06,346,"11,16,18,23,30,31,35,03,27",1,1000000000.0,8,10549100.0,152,777200.0,7411,9300.0,116307,1400.0,221320,900.0,2557491300,1393851380.0,2019-12-07 00:17:37.898515,2019-12-07 00:17:37.898519
293,2019-12-13,347,"03,06,11,13,18,20,34,25,35",0,0.0,3,28386700.0,138,863900.0,6617,10500.0,114754,1500.0,201919,1000.0,2580727500,1907271955.0,2019-12-15 19:45:41.713366,2019-12-15 19:45:41.713370
294,2019-12-20,348,"02,05,17,18,19,20,33,01,24",0,0.0,8,11401900.0,157,813300.0,8482,8800.0,124300,1400.0,212396,1000.0,2764239000,2471218605.0,2019-12-21 10:59:19.834913,2019-12-21 10:59:19.834918
295,2019-12-27,349,"04,10,11,15,18,22,34,16,32",2,1000000000.0,12,8744800.0,235,625100.0,10738,8000.0,158812,1300.0,243446,1000.0,3180076800,1114611465.0,2019-12-28 21:00:01.221893,2019-12-28 21:00:01.221898
296,2020-01-10,350,"10,19,21,23,24,30,37,02,28",0,0.0,5,18728900.0,121,1083400.0,6766,11300.0,112411,1600.0,206560,1100.0,2837842800,1683375425.0,2020-01-11 12:54:57.875678,2020-01-11 12:54:57.875683
297,2020-01-17,351,"08,13,17,19,23,25,28,05,16",1,1000000000.0,17,5252200.0,191,654400.0,8478,8600.0,130438,1300.0,218272,1000.0,2705826000,1225967125.0,2020-01-18 13:50:32.389272,2020-01-18 13:50:32.389276
298,2020-01-24,352,"03,04,14,18,26,30,32,28,34",2,886941800.0,13,6928800.0,167,755100.0,7868,9400.0,121713,1500.0,207726,1000.0,2729661000,0.0,2020-01-26 16:55:05.020975,2020-01-26 16:55:05.020979
299,2020-01-31,353,"11,15,22,23,24,29,33,19,34",1,386956000.0,6,10732300.0,132,682900.0,6959,7600.0,97058,1300.0,157583,1000.0,1951421100,0.0,2020-01-31 22:15:23.024921,2020-01-31 22:15:23.024926
300,2020-02-07,354,"01,02,08,10,13,25,31,23,35",0,0.0,8,7729100.0,127,681600.0,6239,8100.0,91415,1300.0,138711,1100.0,1873825800,372868110.0,2020-02-08 13:39:30.452299,2020-02-08 13:39:30.452304
301,2020-02-14,355,"04,06,09,10,23,27,33,14,31",1,798697400.0,12,5911600.0,153,649100.0,6515,8900.0,106580,1300.0,174779,1000.0,2149771800,0.0,2020-02-15 12:01:03.512753,2020-02-15 12:01:03.512758
302,2020-02-21,356,"04,16,20,30,33,34,36,19,21",1,359572000.0,6,9961300.0,70,1195300.0,3631,13500.0,65274,1800.0,121276,1200.0,1811230500,0.0,2020-02-23 17:15:49.412627,2020-02-23 17:15:49.412632
303,2020-02-28,357,"05,08,12,13,14,24,30,27,35",0,0.0,10,5953800.0,105,793800.0,5414,9000.0,86659,1300.0,150754,900.0,1804271400,371973830.0,2020-03-07 18:32:39.664001,2020-03-07 18:32:39.664005
304,2020-03-06,358,"05,13,14,26,32,33,34,08,11",0,0.0,7,10038100.0,119,826600.0,5902,9700.0,88702,1600.0,161037,1000.0,2129407800,801365640.0,2020-03-07 18:32:40.911646,2020-03-07 18:32:40.911652
305,2020-03-13,359,"04,07,11,17,19,26,35,01,24",1,1000000000.0,12,6601900.0,174,637400.0,8048,8000.0,124609,1200.0,207525,900.0,2400818100,290916085.0,2020-03-13 22:58:11.621222,2020-03-13 22:58:11.621226
306,2020-03-20,360,"09,11,13,14,20,22,37,15,17",0,0.0,8,8665100.0,88,1102800.0,4676,12100.0,81988,1700.0,151412,1100.0,2100735000,707367235.0,2020-03-20 22:19:25.328924,2020-03-20 22:19:25.328929
307,2020-03-27,361,"05,09,16,20,29,33,35,02,08",1,1000000000.0,7,11398400.0,110,1015400.0,5816,11200.0,97576,1600.0,176827,1100.0,2417958900,188195440.0,2020-04-03 16:58:00.156792,2020-04-03 16:58:00.156796
308,2020-04-03,362,"04,07,08,14,22,24,27,13,26",1,616130500.0,8,8690600.0,160,608300.0,7457,7600.0,111255,1200.0,181273,900.0,2106917400,0.0,2020-04-03 21:21:52.428659,2020-04-03 21:21:52.428663
309,2020-04-10,363,"13,15,17,22,26,34,36,03,19",1,350725000.0,7,8122100.0,135,589500.0,5237,8900.0,78546,1400.0,131595,1000.0,1722957600,0.0,2020-04-10 21:20:13.555982,2020-04-10 21:20:13.555987
310,2020-04-17,364,"03,09,10,14,16,20,27,19,33",0,0.0,4,13281900.0,96,774700.0,5078,8500.0,77996,1300.0,131596,1000.0,1610010900,320852305.0,2020-04-17 22:00:36.279200,2020-04-17 22:00:36.279204
311,2020-04-24,365,"01,04,13,14,16,22,35,10,23",0,0.0,4,13698900.0,79,971000.0,4806,9300.0,74823,1400.0,126609,1000.0,1660550700,660538520.0,2020-04-25 23:42:58.599895,2020-04-25 23:42:58.599900
312,2020-05-01,366,"10,24,25,26,27,33,36,04,23",0,0.0,4,13274200.0,79,940900.0,4104,10600.0,67535,1500.0,126618,1000.0,1609073700,985770885.0,2020-05-03 17:33:39.015603,2020-05-03 17:33:39.015607
313,2020-05-08,367,"08,14,19,20,29,30,31,07,35",0,0.0,9,6356300.0,102,785100.0,4862,9600.0,75636,1500.0,128128,1100.0,1733639400,1327551715.0,2020-05-09 10:23:13.867580,2020-05-09 10:23:13.867584
314,2020-05-15,368,"07,08,09,13,21,34,35,03,20",0,0.0,8,8791700.0,143,688500.0,6742,8500.0,105147,1300.0,171958,1000.0,2131432500,1751951140.0,2020-05-15 21:48:00.032414,2020-05-15 21:48:00.032419
315,2020-05-22,369,"01,07,09,11,15,31,34,06,33",0,0.0,5,16734800.0,162,723000.0,7659,8900.0,120115,1400.0,200556,1000.0,2535702600,2255335210.0,2020-05-23 18:45:02.926505,2020-05-23 18:45:02.926511
316,2020-05-29,370,"07,10,16,25,26,33,34,24,35",0,0.0,12,8162000.0,193,710400.0,8425,9500.0,136361,1400.0,229546,1000.0,2968150200,2855462700.0,2020-05-30 10:01:40.347437,2020-05-30 10:01:40.347441
317,2020-06-05,371,"01,03,04,08,11,21,25,12,23",2,1000000000.0,17,6278700.0,263,568100.0,10712,8100.0,156650,1300.0,272106,900.0,3234645600,1519597420.0,2020-06-06 10:08:17.919752,2020-06-06 10:08:17.919758
318,2020-06-12,372,"06,08,22,23,32,33,36,09,27",1,1000000000.0,11,8192000.0,142,888400.0,7720,9500.0,119368,1500.0,220175,1000.0,2730812100,1059631065.0,2020-06-12 20:25:06.514477,2020-06-12 20:25:06.514481
319,2020-06-19,373,"02,03,17,18,22,23,31,04,30",0,0.0,11,8060400.0,134,926300.0,8026,9000.0,124274,1400.0,208406,1000.0,2686943700,1601343530.0,2020-06-21 08:55:31.260293,2020-06-21 08:55:31.260298
320,2020-06-26,374,"04,05,09,10,18,27,35,15,34",1,1000000000.0,10,9693300.0,246,551600.0,10899,7300.0,157940,1200.0,259076,900.0,2937524100,1188343675.0,2020-06-28 21:37:11.145337,2020-06-28 21:37:11.145342
321,2020-07-03,375,"13,15,18,19,23,27,32,34,35",1,1000000000.0,23,3910600.0,138,912400.0,7761,9500.0,123469,1400.0,222110,1000.0,2725730400,730371255.0,2020-07-05 17:25:18.482175,2020-07-05 17:25:18.482180
322,2020-07-10,376,"06,11,14,17,23,31,37,10,15",3,412353200.0,9,9345100.0,185,636400.0,8521,8100.0,123352,1300.0,209047,1000.0,2548784400,0.0,2020-07-11 12:14:03.705938,2020-07-11 12:14:03.705942
323,2020-07-17,377,"06,07,10,17,25,33,36,27,32",0,0.0,5,13102600.0,127,722100.0,6138,8700.0,95816,1300.0,156051,1000.0,1985341500,402171575.0,2020-07-18 00:49:57.324040,2020-07-18 00:49:57.324045
324,2020-07-24,378,"01,05,09,10,14,15,29,20,28",0,0.0,12,6106500.0,151,679300.0,6707,8900.0,105104,1400.0,175197,1000.0,2220674700,843587990.0,2020-07-24 20:54:41.853443,2020-07-24 20:54:41.853449
325,2020-07-31,379,"03,08,15,22,24,29,35,18,26",0,0.0,18,4511300.0,230,494200.0,9310,7100.0,125612,1300.0,200191,1000.0,2460854100,1326515335.0,2020-07-31 22:08:18.088936,2020-07-31 22:08:18.088941
326,2020-08-07,380,"08,14,24,25,32,34,36,13,16",2,923347500.0,15,5764000.0,150,806900.0,7801,9100.0,118016,1400.0,215179,1000.0,2620145100,0.0,2020-08-07 20:12:35.727976,2020-08-07 20:12:35.727982
327,2020-08-14,381,"04,08,25,26,27,31,32,09,22",1,381063500.0,5,12497500.0,115,760700.0,5407,9400.0,84842,1400.0,151506,1000.0,1893649200,0.0,2020-08-16 15:41:55.782108,2020-08-16 15:41:55.782113
328,2020-08-21,382,"02,03,05,08,19,22,37,16,28",1,369188600.0,4,15462300.0,129,671200.0,5782,8700.0,89293,1400.0,150505,1000.0,1874313900,0.0,2020-08-22 10:47:12.429921,2020-08-22 10:47:12.429926
329,2020-08-28,383,"08,11,15,22,26,28,30,10,20",0,0.0,10,6319700.0,145,610100.0,6176,8400.0,97501,1300.0,153383,1000.0,1915173300,378153785.0,2020-09-01 08:12:15.765890,2020-09-01 08:12:15.765894
330,2020-09-04,384,"03,07,15,18,26,30,31,09,33",0,0.0,20,3807600.0,190,561100.0,7883,7900.0,112856,1300.0,196135,900.0,2307792000,848389185.0,2020-09-05 11:04:10.462410,2020-09-05 11:04:10.462415
331,2020-09-11,385,"04,12,14,24,29,34,35,05,15",1,1000000000.0,12,6828200.0,202,567800.0,9477,7100.0,118923,1300.0,193635,1000.0,2483117400,353636415.0,2020-09-12 08:40:12.777442,2020-09-12 08:40:12.777447
332,2020-09-18,386,"09,19,22,32,35,36,37,07,21",0,0.0,6,12273200.0,86,1198700.0,4931,12200.0,89546,1600.0,157340,1100.0,2231601900,804624070.0,2020-09-18 21:24:58.825003,2020-09-18 21:24:58.825008
333,2020-09-25,387,"03,07,13,22,30,32,37,14,15",0,0.0,9,8797100.0,124,893800.0,6062,10700.0,98008,1600.0,189963,1000.0,2399345100,1282685065.0,2020-09-27 11:44:52.227945,2020-09-27 11:44:52.227951
334,2020-10-02,388,"01,06,08,10,18,21,32,13,28",0,0.0,11,8005900.0,118,1044800.0,6967,10300.0,116250,1500.0,206896,1000.0,2668785300,1819256050.0,2020-10-03 11:26:38.024973,2020-10-03 11:26:38.024978
335,2020-10-09,389,"01,06,11,13,18,24,27,17,23",3,783897800.0,9,9751700.0,228,538900.0,8544,8400.0,128735,1300.0,214659,1000.0,2659680300,0.0,2020-10-10 14:59:12.321826,2020-10-10 14:59:12.321832
336,2020-10-16,390,"03,06,19,21,23,26,27,30,34",0,0.0,6,10491400.0,111,793900.0,5177,9900.0,86684,1400.0,143274,1000.0,1907626800,391476860.0,2020-10-16 22:19:37.481538,2020-10-16 22:19:37.481542
337,2020-10-23,391,"10,23,27,32,33,35,37,24,26",0,0.0,8,9366400.0,108,971300.0,5193,11800.0,92949,1600.0,160194,1100.0,2270750100,847273605.0,2020-10-24 10:59:31.060050,2020-10-24 10:59:31.060055
338,2020-10-30,392,"01,04,06,15,20,22,26,18,21",2,675744100.0,10,8318100.0,139,837700.0,6569,10400.0,108197,1500.0,181718,1100.0,2520753000,0.0,2020-10-30 23:18:44.188489,2020-10-30 23:18:44.188493
339,2020-11-06,393,"07,14,15,22,27,30,31,09,32",1,388842900.0,18,3523800.0,173,513200.0,7173,7200.0,98663,1300.0,160022,900.0,1922182800,0.0,2020-11-06 22:50:07.858815,2020-11-06 22:50:07.858819
340,2020-11-13,394,"06,10,22,23,27,32,33,08,19",0,0.0,27,2268700.0,207,414200.0,7926,6300.0,94991,1300.0,164740,900.0,1856348400,366674380.0,2020-11-13 21:06:33.499888,2020-11-13 21:06:33.499892
341,2020-11-20,395,"01,02,05,20,26,29,32,08,09",3,270621900.0,7,10529500.0,80,1289800.0,4725,12800.0,83410,1700.0,180779,1000.0,2233640100,0.0,2020-11-24 08:29:55.646665,2020-11-24 08:29:55.646670
342,2020-11-27,396,"02,03,05,08,16,20,34,26,31",0,0.0,7,8652900.0,92,921700.0,5149,9600.0,82997,1400.0,134718,1100.0,1835560800,366819660.0,2020-11-27 21:08:48.587464,2020-11-27 21:08:48.587470
343,2020-12-04,397,"04,12,13,15,21,28,37,07,20",0,0.0,15,4876800.0,131,781700.0,7060,8500.0,107285,1300.0,177064,1000.0,2216832000,812294860.0,2020-12-04 20:30:52.584543,2020-12-04 20:30:52.584549
344,2020-12-11,398,"03,04,10,17,20,22,33,01,06",0,0.0,9,8938000.0,135,834200.0,7096,9300.0,111518,1400.0,197911,1000.0,2437768200,1296202550.0,2020-12-12 12:46:29.782494,2020-12-12 12:46:29.782499
345,2020-12-18,399,"07,15,19,20,21,33,36,04,10",0,0.0,14,6212300.0,137,888700.0,7501,9500.0,112970,1500.0,197889,1000.0,2635683300,1834932435.0,2020-12-20 14:49:25.994808,2020-12-20 14:49:25.994814
346,2020-12-25,400,"04,17,22,28,30,31,35,25,34",0,0.0,6,16604900.0,219,636800.0,9043,9000.0,135365,1400.0,219734,1100.0,3019220700,2441887750.0,2020-12-26 10:48:42.495503,2020-12-26 10:48:42.495508
347,2021-01-08,401,"04,05,09,14,18,30,35,01,33",0,0.0,6,18702000.0,173,908000.0,9392,9800.0,157204,1400.0,263431,1000.0,3400521000,3127268000.0,2021-01-09 13:42:43.212789,2021-01-09 13:42:43.212795
348,2021-01-15,402,"07,09,12,17,20,26,29,04,13",0,0.0,11,9424800.0,199,729300.0,8946,9500.0,139603,1500.0,253104,1000.0,3141760500,3744761225.0,2021-01-16 13:53:15.679008,2021-01-16 13:53:15.679013
